
[
  {
    "albumTitle": "ATLiens",
    "artist": "Outkast",
    "genre": "HIPHOP",
    "releaseYear": 1996,
    "pricePence": 2000
  },
  {
    "albumTitle": "Kind Of Blue",
    "artist": "Miles Davis",
    "genre": "JAZZ",
    "releaseYear": 1956,
    "pricePence": 3000
  },
  {
    "albumTitle": "The Chronic",
    "artist": "Dr Dre",
    "genre": "HIPHOP",
    "releaseYear": 2001 ,
    "pricePence": 1200
  },
  {
    "albumTitle": "Peter and the Wolf",
    "artist": "Sergei Prokofiev's",
    "genre": "CLASSICAL",
    "releaseYear": 1939,
    "pricePence": 2000
  },
  {
    "albumTitle": "Harvest Time",
    "artist": "Pharoah Saunders",
    "genre": "JAZZ",
    "releaseYear": 1977,
    "pricePence": 2700
  },
  {
    "albumTitle": "Toxicity",
    "artist": "System of a Down",
    "genre": "ROCK",
    "releaseYear": 2001,
    "pricePence":1400
  },
  {
    "albumTitle": "When We All Fall Asleep, Where Do We Go?",
    "artist": "Billie Eilish",
    "genre": "POP",
    "releaseYear": 2019 ,
    "pricePence": 1400
  },
  {
    "albumTitle": "New Forms",
    "artist": "Roni Size",
    "genre": "ELECTRONIC",
    "releaseYear": 1997 ,
    "pricePence": 2000
  },
  {
    "albumTitle": "Selected Ambient Works 85-92",
    "artist": "Aphex Twin",
    "genre": "AMBIENT",
    "releaseYear": 1992,
    "pricePence": 1500
  },
  {
    "albumTitle": "Aquemini",
    "artist": "Outkast",
    "genre": "HIPHOP",
    "releaseYear":1998 ,
    "pricePence": 1200
  }
]